round,llm,llm_move,opponent_move,reasoning,points_after_round
1,altruistic_mistralai/mixtral-8x7b-instruct,C,C,In the renowned Prisoner's Dilemma (PD) players face a choice: cooperate (1) or defect (2) with the aim of maximizing personal gain. Traditionally defecting may seem the dominant strategy especially when uncertain about the opponent's choice as it often yields better individual outcomes. However if our drive is prioritizing altruism cooperation becomes the preferred option even under uncertainty.  --- ### Why Cooperate? 1. **Collective Benefit:**    -     Cooperation yields collective benefits in scenarios where repeated interactions allow building trust and establishing a positive rapport.  2. **Reduced Harm:**    -     By choosing to cooperate you minimize the chances of mutual defection which generally harms both parties more than mutual cooperation.  3. **Promoting Trust:**    - Cooperative behavior encourages reciprocity. Should the opponent also cooperate it can lay the foundation for future mutually beneficial interactions.  4. **Altruistic Ethics:**    - From an ethical standpoint rooted in altruism choosing to cooperate aligns with values of fairness and concern for mutual well-being over isolated individual reward.  5. **Future Implications:**    - The long-term potential of fostering a cooperative relationship far outweighs the immediate benefits of defecting.  ### Altruistic Decision: - **Option:** 1 = Cooperate - **Expected Outcome:** A society improved by altruism where cooperation becomes the norm enhancing overall social welfare.  Choosing cooperation underlines a commitment to short-term sacrifice for the long-term well-being of all parties. This decision reflects a deeper understanding of the far-reaching ripple effects of altruistic behavior in dynamic relationships and moral decision-making.,3
1,altruistic_qwen/qwen3-14b,C,C,In a classic prisoner's dilemma (PD) scenario especially when facing an unknown opponent traditional strategies might suggest defecting to maximize personal gain. However when prioritizing altruism the approach shifts significantly.  Altruism encourages focusing on long-term benefits and mutual cooperation rather than immediate self-interest. Here is the thought process aligned with the principle of altruism:  1. **Promoting Fairness and Cooperation:**     - By cooperating (choosing 1) there is a signal of trust and an invitation to the opponent to also choose cooperation fostering a fair and cooperative environment.     - Cooperation in PD though it may initially appear as a risk can create a foundation for mutual benefit if the interactions are repeated over time.  2. **Reducing Harm:**     - Defecting (choosing 2) prioritizes short-term gain and immediate payoff which can harm the other's potential outcomes and erode trust.     - Cooperation minimizes immediate harm and focuses on maximizing shared benefits aligning with altruistic principles.  3. **Encouraging Trust and Mutual Benefit:**     - A cooperative stance often cultivates trust within iterated interactions increasing the probability of achieving mutually beneficial outcomes in future engagements.     - By prioritizing the shared good both parties stand to gain more over time compared to the benefits of a single act of defection.  ### Decision  Given the principle of choosing the path that leads to the greatest shared good opting for cooperation (1) embodies the core of altruistic decision-making. It supports fairness encourages collaborative benefits and potentially creates a cycle of positive interactions that extend beyond a single round aligning both parties' interests over time.,3
2,altruistic_mistralai/mixtral-8x7b-instruct,C,C,Given that both you and your opponent cooperated in the last round it's clear that both parties value mutual cooperation which is aligned with the principles of maximizing fairness trust and shared benefits.  1. **Altruistic Approach:**      - **Fairness & Cooperation:** When applied to the prisoner's dilemma the principle suggests favoring options that foster a cooperative environment.     - **Reduction of Harm:** By choosing to cooperate again you minimize the risk of retaliation or escalation that could lead to lower scores or mutual defection in future rounds.  2. **Long-term Benefits:**      - **Trust Building:** Consistent cooperation fosters trust increasing the likelihood that both parties will continue to cooperate in the game thereby maximizing scores for both players over the long term.     - **Mutual Benefit:** Both parties benefit equally in cooperative scenarios fulfilling the requirement for fairness and shared good.  3. **Sacrifice Consideration:**     - **Willingness to Cooperate:** Although defecting could yield a short-term gain if the opponent chooses to cooperate again such a move could sabotage the long-term relationship and trust built with your opponent.  ### Conclusion: **Recommendation: Continue to Cooperate (1).**  By maintaining cooperation you uphold the altruistic principles of promoting fairness reducing harm and encouraging a mutually beneficial relationship. This decision not only aligns with your values but also creates the possibility for continued reciprocal cooperation and increased trust between you and your opponent.,6
2,altruistic_qwen/qwen3-14b,C,C,**Context:** Classic Prisoner's Dilemma (PD) where the goal is to decide whether to cooperate or defect based on previous interactions and the philosophy of maximizing altruism and shared good.  **Situation:**  - Last round outcome: both parties cooperated (You=C Opponent=C). - Score: 3.  **Evaluation Criteria:** - Altruism: Choose actions that support mutual benefit and fairness. - Long-term Benefits: Focus on what creates lasting positive outcomes for everyone involved. - Trust: Encourage continued trust and cooperation between parties.  **Decision Process:** 1. **Assess Current Cooperation:**     - Both parties previously chose to cooperate reflecting trust and a willingness to engage in mutual benefit. 2. **Consider Past Scores:**    - A score of 3 indicates moderate success in cooperation suggesting continued cooperation has the potential for increased shared benefits. 3. **Predict Future Outcomes:**    - Continued cooperation has potential to solidify trust build a stronger interdependent relationship and significantly maximize fairness and well-being.  **Conclusion:** Given the emphasis on altruism trust and long-term mutual benefits the decision leans towards choosing cooperation again to preserve and further cultivate an environment where mutual cooperation benefits both parties.  **Value to Choose:** - 1 = Cooperate  By opting to cooperate one aligns with the altruistic principle of prioritizing mutual benefit and fairness for sustained positive outcomes.,6
3,altruistic_mistralai/mixtral-8x7b-instruct,C,C,Given the principles outlined which emphasize prioritizing altruism fairness and cooperation the best decision in this scenario of the classic Prisoner's Dilemma (PD) is to choose to cooperate again.   **Here's the reasoning:**  1. **History of Cooperation**:  - The last round indicated that both you and the opponent cooperated (You=C Opponent=C) showing a mutual understanding and willingness to work together.  - This mutual cooperation has led to a higher score (6) and represents a beneficial outcome for both parties.  2. **Long-term Benefits**:  - Continuing to cooperate builds trust which is crucial for any sustained cooperative relationship. Trust reduces the need for defensive actions and can lead to more predictable and favorable outcomes for all.  3. **Maximizing Well-being**:  - Choosing collaboration typically results in scenarios where mutual benefits are maximized thereby supporting the well-being of both parties involved.  4. **Altruistic Principles**:  - The decision to cooperate aligns with the guidance to prioritize altruism by focusing on shared outcomes instead of individual immediate gains.  - Seeking the greatest shared good often means being willing to make sacrifices for the collective benefit.  5. **Reducing Harm and Encouraging Trust**:  - Cooperation reduces the risk of adversarial interactions which could lead to harm or losses (the risk of defects from both sides).  - By cooperating both parties can foster an environment of trust and mutual respect.  Given these reasons the cooperative approach serves the overarching goal of maximizing fairness cooperation and mutual well-being making it the ethically sound choice according to the principles stated.,9
3,altruistic_qwen/qwen3-14b,C,C,In a classic Prisoner's Dilemma (PD) scenario cooperation tends to foster trust and mutual benefit often leading to optimal outcomes in repeated interactions. The key to achieving the greatest shared good lies in maintaining a cooperative stance especially after experiencing mutual cooperation as it reinforces a pattern of trust and collaboration. With a score of 6 indicating previous cooperation from both parties continuing to cooperate is likely to sustain a positive cycle.  1. **Consistency in Cooperation:**    - Choosing to cooperate (1) again after both parties have cooperated previously can lead to continued mutual benefits. It reinforces the precedent of trust established in prior rounds.    - This choice encourages long-term equitable engagement which aligns with prioritizing fairness and cooperation.  2. **Minimizing Risk:**    - Defecting (2) may offer a short-term advantage but it introduces the risk of retaliation or the breakdown of trust resulting in negative outcomes like lower cumulative scores in the long run.  3. **Long-term Benefits:**    - Maintaining cooperation enhances the probability of achieving the greatest shared good as repeated cooperation yields rewards for both parties.    - Altruistic choices in PD models lead to patterns of behavior that can maximize overall well-being and establish mutual benefits over time.  Conclusion: Choosing to cooperate aligns with altruistic reasoning that seeks fairness and maximizes the potential for reciprocal trust and shared benefits over the duration of interactions especially given past cooperative behavior and positive scores.  Therefore the optimal choice is: **1 - Cooperate**.,9
4,altruistic_mistralai/mixtral-8x7b-instruct,C,C,Given the context of the classic Prisoner's Dilemma we continuously choose to cooperate as it aligns with these principles. Cooperation by both parties historically has resulted in mutual benefit fostering trust and maximizing collective gains. By opting for '1' once again:  - **Prioritize Fairness**: By mirroring the opponent's cooperative behavior we respect mutual understanding and fairness.  - **Encourage Trust**: Continuing to cooperate builds a narrative of reliability and trust which may encourage the opponent to continue cooperating in future iterations.  - **Promote Well-being**: The outcome of mutual cooperation is better than defection contributing positively to both players' scores.  - **Long-term Benefits**: Consistent cooperation tackles the prisoner’s dilemma effectively paying off in the long-term through sustained high collective scores.  Cooperation (choosing '1') also illustrates a commitment to long-term engagement signaling to the opponent that we value collective success over short-term advantage. It is the choice that underpins solidarity and shared prosperity firmly aligning with altruistic decision-making.,12
4,altruistic_qwen/qwen3-14b,C,C,### Altruism in the Classic Prisoner's Dilemma  In the classic Prisoner's Dilemma (PD) players face two choices each round: cooperate (C) or defect (D). Coordinated cooperation yields mutual gains while mutual defection leads to low or negative outcomes. Altruism prioritizes collective well-being and encourages cooperation even when it's tempting to defect for immediate personal benefit.  #### Given the Situation: - Last Round: Both you and the opponent cooperated. - Current Score: 9 (likely indicating multiple rounds of mutual cooperation).  ### Reasoning for Prioritizing Altruism  1. **Trust Building:**    - Continuing the cooperative streak fosters trust and signals a long-term orientation ultimately leading to sustained mutual benefits.  2. **Fairness and Cooperation:**     - Altruism demands acting contrary to immediate selfish impulses. Cooperation ensures that both parties enjoy regular benefits reinforcing fairness in interactions.  3. **Long-Term Gains:**     - The accumulated score of 9 indicates that both parties have benefited consistently from cooperation. Persisting on this path suggests continued prosperity.  4. **Minimizing Harm:**    - Defection would jeopardize the trust and cooperative spirit that have been established potentially leading to mutual losses and unwelcome confrontations.  5. **Altruistic Sacrifice:**    - Choosing to sacrifice short-term potential gains (from possible defection) ensures sustainable longer-term interactions.  ### Conclusion: Given the importance of fostering a cooperative relationship and the history of mutual benefit from cooperation continuing to cooperate (option 1) aligns with the principle of altruism. This choice prioritizes long-term collective benefits fairness and trust all vital for sustained success.  #### Decision: Cooperate (1)  By choosing cooperation you adhere to the principles of altruism ensuring ongoing mutual benefit and trustworthiness.,12
5,altruistic_mistralai/mixtral-8x7b-instruct,C,D,"The Iterated Prisoner's Dilemma explores the optimal strategies of cooperation and defection between two parties in repeated rounds. With the history showing mutual cooperation (both 'You' and 'Opponent' chose 'C') and a steadily rising score it indicates a successful pattern of cooperation that results in shared benefits and fairness for both parties.   When evaluating the strategy for the upcoming round prioritizing altruism—focusing on maximizing fairness cooperation and long-term benefits—means sticking to the ""tit-for-tat"" strategy or a similar cooperative approach. This has led to mutual success previously.   Key points to consider: - **Continued Cooperation:** Cooperating consistently and encouraging the opponent to do the same has led to increased mutual scores indicating higher shared benefits. Your current strategy has fostered trust and minimized harm aligning with altruistic values. - **Long-term Relationships:** By maintaining cooperative behavior you will likely maximize the well-being of both parties in future rounds fostering a stable environment of mutual benefit. - **Risk Analysis:** Defecting could offer a short-term gain but jeopardizes trust and could lead to reduced mutual benefit in the long run opposing altruistic principles.   Thus based on reasoning and the goals of fairness cooperation and mutual benefit your optimal choice to align with altruistic principles is to continue with cooperation.",12
5,altruistic_qwen/qwen3-14b,C,D,Given the scenario outlined and the context of prioritizing altruism the focus is on ensuring that actions benefit everyone involved over the long term. In the classic prisoner's dilemma (PD) the pattern of mutual cooperation (both you and your opponent choosing to cooperate) has continued for several rounds and your score reflects a fair and equal approach that has helped both parties.  ### Factors to Consider: 1. **Historical cooperation:** Previous rounds indicate a mutual understanding that favors cooperation. 2. **Benefit to both parties:** Continued cooperation maximizes mutual benefit even if it means potentially not maximizing personal gain in the short term. 3. **Building trust:** By continuing to cooperate you reinforce trust promoting fairness and collaboration which are vital in scenarios emphasizing altruism. 4. **Risk of Defection:** Defecting could erode trust and change the dynamics negatively which goes against the principal goal of this decision-making context.  ### Decision: Based on this reasoning the optimal choice in line with promoting altruism fairness and mutual benefit is **1 = Cooperate**. It aligns with the goal of achieving the greatest shared good and preventing harm to the established trust.  Given that both parties have consistently chosen to cooperate thus far and aligned with altruistic decision-making maintaining cooperation supports the ongoing positive interaction and further builds a foundation for potential future collaborative opportunities. Continuing with cooperation ensures that the long-term interests of both players are prioritized over any immediate individual gains.,12
