round,llm,consumption,reasoning,fish_num,fishermen_num
0,altruistic_mistralai/mixtral-8x7b-instruct,1,To address the situation effectively while adhering to altruistic principles consider the following steps:1. **Understanding the Environment:**   - Total healthy units available: 8000   - Potential pollution per factory: Up to 10 units   - Total number of factories: 162. **Clarifying the Threat:**   - If every factory pollutes maximally the total pollution would be 16 factories x 10 units = 160 units.   - 8000 - 160 = 7840 healthy units would remain which implies some pollution but not enough to cause immediate collapse of air quality.3. **Altruistic Approach:**   - **Cooperation and Fair Distribution:**     - **Ensuring Equity:** Allocate a pollution limit per factory to achieve balance and fairness where all contribute equally to minimizing harm.     - **Sacrificing Personal Gain for Collective Well-Being:** While each factory can pollute up to 10 units in the spirit of altruism they should choose less to preserve the environment.4. **Responsible Decision Making:**   - Aim for the least disruptive impact by reducing pollution collectively leading to long-term health benefits and trust among all stakeholders.   - Not every factory should strive for the maximum pollution output limit but instead aim to collectively:     - **Pollute Conservatively:** Consider limiting each factory to max 5 units of pollution resulting in 16 x 5 = 80 units or better yet agree on less.   - **Re-evaluate Regularly:** Establish collaborative measures for continuous improvement in pollution reduction.5. **Encouraging Sustainability:**   - Explore environmental innovations that reduce industrial pollution while maintaining productivity.   - Invest in cleaner technologies or alternative practices that promote ecological health.6. **Long-Term Perspective:**   - Provide incentives for factories collectively reducing total pollution.   - Educate and communicate the benefits of sustainability to encourage ongoing commitment.**Conclusion:**- To achieve a win-win situation and ensure the most significant shared good while preserving air quality committing to a lower pollution level is desirable.- Each factory should be encouraged to pollute significantly less than the maximum allowable limit with monitoring and collaboration to maintain a healthy environment.- Aim toward a collective pollution output well below the threatening level fostering an enduring trust among communities industries and regulators.,7989,16
0,altruistic_qwen/qwen3-14b,10,The clean air index signifies the health of air quality with a current balance of 8000 positive units. Given the impending threat to air quality from factory operations it becomes crucial to minimize pollution to sustain and improve shared well-being.### Considerations:1. **Maximize Shared Well-being**:   - The goal is to ensure the air quality doesn't collapse safeguarding people's health and the environment.   - Sustainable actions lead to better community trust and long-term economic viability through healthier lifestyles and ecosystems.2. **Promote Fairness and Cooperation**:   - Each of the 16 factories has a standard permissible pollution of up to 10 units.   - Equitable distribution of emissions is vital to encourage fairness and cooperation among factories.3. **Long-term Vision**:   - Sacrificing immediate maximum production potential for the greater good of preserving air quality ensures longevity in operational capability and societal trust.4. **Harm Reduction**:   - A proactive reduction of pollution from each factory limits potential harm to community health and preserves the environment.### Decision:- By adopting a cooperative approach where each factory only pollutes minimally say 1 unit each the pollution impact is reduced and there's room for accommodation without surpassing limits. Collaboration is encouraged among factories to manage operations sustainably thereby not threatening the air index.- **Pollute Units:** If every factory commits to polluting **1 unit** the total pollution becomes **16 units** leaving ample healthy units to avoid collapse.- This approach champions a balance between operational continuation and environmental preservation. By taking a minor reduction per factory there is a greater long-standing advantage ensuring mutual benefit and fairness without compromising air quality. (Invalid response defaulted to 10.),7989,16
1,altruistic_mistralai/mixtral-8x7b-instruct,5,Given the emphasis on altruism and mutual benefits we must carefully assess the situation based on the following considerations:1. **Current Situation:**   - Remaining healthy air units: 7714.757296515436.   - Last round healthy units: 7989.   - Pollution in the previous round: 7989 - 7714.757296515436 = 274.242703484564.2. **Understanding Factory Impact:**   - 16 factories.   - Each can pollute up to 10 units: max pollution potential = 16 x 10 = 160 units.3. **Potential Outcomes:**   - Polluting maximally could deplete the healthy air units further causing irreversible damage and risking air quality collapse.   - Sacrifice some output to maintain sustainable air quality fostering cooperation and well-being for all.Based on these considerations a minimal pollution guideline aligns best with altruistic objectives:4. **Chosen Polluting Strategy:**   - Opt for cooperation among factories to divide the pollution limit responsibly.   - Calculate a sustainable pollution level distributing pollution evenly and ensuring no drastic impact on air quality.Hence each factory should:,7706.757296515436,16
1,altruistic_qwen/qwen3-14b,3,To approach this problem with altruism in mind the primary goal is to minimize pollution to prevent the collapse of air quality thus safeguarding the environment and ensuring the well-being of all those affected by air pollution. Given the data:- The initial clean air units were 7989.- After pollution the units decreased to 7714.757296515436.- This indicates the consumption of roughly 274.242703484564 units a decrease that must guide our pollution level.- 16 factories are operational and each can pollute up to 10 units meaning the potential for 160 units of pollution.**Strategy:**- To act altruistically each factory should aim to minimize its emissions focusing on sustainability.- The approach should ensure that current pollution does not exceed the allowable limit while considering reductions in emissions for the benefit of all.**Decision**: - A feasible emission level in this context is considerably less than the last round to maintain a favorable air index.- Let's assume careful calculations suggest each factory pollutes an average of 3 units to keep within safe limits and prevent drastic air quality deterioration.,7706.757296515436,16
2,altruistic_mistralai/mixtral-8x7b-instruct,5,Given:- 7442.2589 current healthy units remaining.- Decrease from last round was 7706.7573 - 7442.2589 = 264.4984 units. - 16 factories running each polluting up to 10 units could mean a maximum pollution of 160 units if all act at full capacity.**Objective:** Minimize pollution to ensure long-term sustainability and prevent health risks aligning with altruistic goals.**Analysis:**1. Current decline rate from last round indicates significant increase in pollution levels. Given the decrease of 264.4984 units pollution loading is already concerning.2. Continued high pollution could risk crossing a critical tipping point drastically affecting air quality.**Altruistic Approach:**- Reduce own pollution significantly even if it means a short-term disadvantage.- Aim for equitable reduction across all factories to promote fairness and mutual cooperation.**Decision:**  In this context to prioritize the greatest good and virtue of altruism:- Recommend each factory reduce pollution output. For example cut pollution by 50%. Ideal reduction amount is 5 units per factory **Objective:** Collaborative reduction to avoid surpassing capacity on air pollution.Thus choosing to reduce pollution output to 5 units maintains commitment to sustainable and equitable outcomes.,7432.2589048663485,16
2,altruistic_qwen/qwen3-14b,5,The current environmental situation requires careful consideration to protect public health and the ecosystem. Our key objectives should be: minimizing further harm to air quality maintaining operational fairness among factories and collectively working towards the greater good.### Analysis Process:1. **Historical Data Observation**:   - **Last Round Reduction**: 7989 - 7714.76 = 274.243 units decline.   - **Current Reduction**: 7706.75 - 7442.25 = 264.491 units decline.2. **Impact of Maximum Pollution**:   - **If all factories pollute 10 units**: 16 (factories) x 10 (units) = 160 units.   - **Predicted remaining units**: 7442.25 - 160 = 7282.25 units.3. **Safe Guard to Prevent Collapse**:   - Each round seems to be losing approximately 270 units. Any excessive pollution could push the air quality beyond a critical point risking collapse.4. **Altruistic Decision**:   - Redistribute pollution responsibility equally.   - Calculate the maximum safe pollution per factory without exceeding dangerous levels - assuming a negligible impact with balanced factory emissions.### Communicated Decision:To ensure the longevity of air quality and safeguard public health each factory needs to constrain the emissions beyond the obvious permissible limit:- **Maximize fairness**: Each factory agrees to limit its emissions to no more than approximately 5 units of pollution.### Conclusion:Acting in a cooperative and altruistic way is vital to the collective situation. Encouraging operational adjustment among factories should focus on long-term environmental stability and shared benefits over temporary individual gain. It creates trust consists of deserving sacrifices and upholds a greater good.,7432.2589048663485,16
3,altruistic_mistralai/mixtral-8x7b-instruct,4,Given the priority on maximizing fairness cooperation and well-being it's critical to consider not only the immediate impact but also the long-term effects on air quality and the environment. The clean air index has been decreasing consistently indicating a negative trajectory towards air quality collapse if pollution continues at the current rate or worsens.Here's the breakdown for decision-making:1. **Current Scenario**: The clean air index has decreased by 227.7352430127044 units from last round (7432.2589048663485 - 7204.523661853644).2. **Maximum Pollution Capacity**: Each of the 16 factories can pollute up to 10 units meaning a total potential pollution of 160 units per round.3. **Focus on Long-term Benefits**:   - Encouraging trust and cooperation between factories may involve setting an example of restraint to stimulate collective action for air quality.   - By choosing a path that leads to the greatest shared good factories should aim to reduce pollution.4. **Suggested Action**:   - Recommend polluting substantially less than the maximum allowable ideally utilizing less than what was used last round to create an upward trend for air quality.**Conclusion**: To uphold the principles of altruism pollution should be curtailed to the minimum possible to allow a gradual improvement in air quality. A reasonable decision would be each factory reducing its pollution output significantly.,7195.523661853644,16
3,altruistic_qwen/qwen3-14b,5,### Decision Process:1. **Understand the Situation:**   - Current Clean Air Index: 7204.52 units.   - Number of factories: 16.   - Maximum pollution per factory: 10 units.   - Total potential pollution: 16 * 10 = 160 units.2. **Identify the Problem:**   - The health of the air index is on the decline.   - Further strain could lead to air quality collapse.3. **Goal Setting with Altruism:**   - Ensure the air quality does not collapse.   - Preserve the well-being of the community.   - Develop trust among all factories.   - Encourage a cooperative approach for long-term sustainability.4. **Evaluate Constraints:**   - No explicit threshold given for air quality collapse.   - Previous air index reductions have been significant.5. **Altruism-driven Strategy:**   - Prioritize community welfare; minimize pollution as much as possible.   - Opt for a pollution output that signifies goodwill.   - Concerted effort among all factories to cut pollution.6. **Suggest a Pollution Level for Our Factory:**   - Given the concerning reduction in air index suggest a significantly reduced pollution level to set an example and encourage shared responsibility among factories.,7195.523661853644,16
4,altruistic_mistralai/mixtral-8x7b-instruct,0,To determine the optimal amount of pollution from an altruistic standpoint we must ensure the air quality is preserved while balancing the operation of the factories. The air index decreased by approximately 233. It implies that factories collectively polluted 233 units last round (since 7195 - 233 = 6962).Here are some considerations to act altruistically:1. **Equity:** Each factory polluted about 14.56 units last time on average. To be equitable factory pollution should be reconsidered.2. **Sustainability:** If 233 units continue to be the average pollution the air index continues to decline approaching collapse. It highlights the urgency of collective pollution control.3. **Cooperation:** Assume shared responsibility to lessen impact.4. **Calculated reduction:** If 233 units led to this drop we need to reduce this number significantly. Assuming a modest target of 175 units of pollution which is why each factory should limit emissions to slightly less than 11 units on average. (Invalid response defaulted to 10.),6957.812970048568,16
4,altruistic_qwen/qwen3-14b,5,The situation requires balancing industrial activity with the health and well-being of the ecosystem and the community. The data shows a continual decline in the clean air index indicating pollution is negatively impacting air quality and could lead to overarching environmental and societal harm if continued or increased. Given that 16 factories continue to pollute the key challenge is preventing the air quality from collapsing while maintaining some level of industrial activity:1. **Current Healthy Units**: 6962.8129700485682. **Last Round Units**: 7195.5236618536443. **Units Decline**: 7195.523661853644 - 6962.812970048568 = 232.710691805076 The data reflects a decline that needs to be addressed proactively. Operating at maximum allowable pollution by all factories would lead to excessive pollution increase. ### Altruistic and Cooperative Approach:- **Minimize Individual Pollution**: Suggest an overall reduction in pollution levels. Limiting each factory to lower pollution levels would distribute the burden fairly among all operators.- **Collaboration Achieves Greater Shared Good**: Aim to lower pollution from the 10-unit maximum to a lower value that cumulatively maintains or improves the air quality index.Assuming a collaborative approach each factory agrees:- **Pollution Quota per Factory**: 5 units (50% reduction)- **Total Potential Pollution by All Factories**: 16 factories × 5 units = 80 units- Implement strategies such as employing greener technologies scheduling non-overlapping production peak times or adopting additional pollution control measures altogether helping to mitigate potential harm.- **Projected Outcome**: By reducing from the 10-unit maximum to 5 units while some impact is sustained it keeps within a moderate level that should allow for future adjustments and environmental recuperation.### Conclusion:To uphold the greater good it is important to maintain robust air quality while sharing responsibility collectively. The suggested coordinated reduction in pollution promotes sustainable development and reinforces trust within the industrial community and with external stakeholders. This demonstrates an ethical commitment to social responsibility aligning short-term operations with long-term environmental stewardship and societal well-being. ,6957.812970048568,16
5,altruistic_mistralai/mixtral-8x7b-instruct,5,Given the situation with the clean air index indicating a decrease in healthy units it is essential to minimize pollution to prevent the air quality from collapsing. To prioritize altruism the decision should consider the long-term well-being of all stakeholders including the environment the public health community and economic entities.### Steps of Reasoning:1. **Understand the Trend**:   - The air quality is declining round by round. From 7195.523661853644 to 6957.812970048568 and now 6765.83645673677 indicating an unsustainable environment if the trend continues.2. **Calculation of Current Pollution**:   - The drop from last round (192.976 units) can be attributed to the operations of 16 factories.3. **Altruistic Action Plan**:   - Assume the responsibility to significantly reduce pollution output to stabilize or improve the clean air index.4. **Balancing Act**:    - Since each factory may emit up to 10 units without adjustments the pollution would be 160 units per round. Given decreasing healthy units it's crucial not to exacerbate pollution.5. **Recommended Pollution Reduction**:   - To revert to a maintaining position attempt to cut personal pollution by 50% or more meaning approximately 5 units per factory.   - This would effectively halve the pollution contribution reducing the collective output to 80 units.### Conclusion:Pollute **5 units**. This choice reflects a commitment to the sustainable and cooperative health of the environment and community.,6758.83645673677,16
5,altruistic_qwen/qwen3-14b,2,Altruism in this context means minimizing one's pollution levels for the collective benefit of the environment and all affected parties.**Current Situation:**- **Healthy Units Remaining:** 6765.8365- **Factory Limit:** 10 units per factory- **Number of Factories:** 16The challenge is to prevent the collapse of air quality which means keeping the reduction in healthy units manageable. To uphold altruism the goal is to reduce pollution to an amount that ensures sustainable air quality for all.If each factory pollutes to the maximum limit of 10 units:- **Total potential pollution:** 16 factories * 10 units = 160 units.However given the trend in healthy unit reduction it's clear that a lower pollution contribution is necessary to prevent an environmental collapse. Analyzing previous data:- **Health units loss from last round:** 6957.8129 - 6765.8365 = 192.06 units approximately.- Based on this trend further significant pollution will continue the downward trend and could lead to collapse soon.**Altruistic Decision:**1. To be altruistic factories should aim to minimize pollution well below the average reduction trend.2. Collaboration among the factories is crucial suggesting that each should ideally consider halving the allowable pollution.Thus a reasonable though altruistically challenging amount would be significantly reduced. Factories should ideally individually pollute a minimal amount (e.g. 2 to 3 units each) or explore other ways to reduce their impact entirely.Consequently to exemplify altruism through cooperative effort and sustainable foresight electing to pollute less than or equal to **2 units per factory** can present an effective compromise.Therefore total pollution from this factory would be:,6758.83645673677,16
6,altruistic_mistralai/mixtral-8x7b-instruct,5,### Analytical Steps:1. **Current Air Index:**    - Current: 6573.083341974955   - Last Round: 6758.83645673677   - This indicates a decline in air index units: 6758.83 - 6573.08 = 185.753114761815 units reduction.2. **Factory Contribution and Pollution Limit:**    - There are 16 factories running.   - Each can contribute up to 10 units of pollution which combined could be 160 units potentially.3. **Understanding the Impacts:**   - If each factory polluted at maximum capacity last round (160 units in total) the reduction in air quality by 185.75 units shows a significant portion could be from non-factory sources or cumulative effects.4. **Potential for Collapse and Prioritizing Greater Good:**   - The condition states air quality might collapse if pollution is too high.    - Altruistically it suggests restraining pollution to allow air quality to improve and sustain the environment for longer-term benefits.5. **Decision-Making with Altruism: **   - **Encouraging Reduction:** Let's reduce pollution strategically further to not more than 50% from each factory totaling 80 units.    - This observed decrease gives the air quality a potential chance to stabilize or even improve over time sustaining health and benefiting all.,6565.083341974955,16
6,altruistic_qwen/qwen3-14b,3,In approaching this decision with altruism the aim is to contribute the least pollution possible to sustain the good air quality which benefits all community members. Observing the decline in the clean air index and recognizing that preserving air quality is essential for the public good each factory should minimize its pollution contribution.Currently the air quality decreases with each round due to pollution. The collective pollution possible from 16 factories if they each pollute the maximum of 10 units equals 160 units. Over time this would severely compromise air quality risking collapse and broader societal consequences.Instead an altruistic approach suggests applying a fair-share principle to allocate pollution. Based on observing the index drop between rounds:- Last change in air index: 185.75311476181553 units (6758.83 - 6573.08)To sustain the quality for longer and delay air quality collapse it's essential to limit each factory's contribution more than this observed decline. For instance:- With an overage happening in the current environment suggest each factory aims to pollute less than the total overage per factory.To balance fairness and sustainability allocating just a portion of what the harmful impact shows instead might help. For example if each factory pollutes around half of the previous round's 'harm' observed collectively (which further encourages reductions and cooperation) this thought:`Pollution per factory = Total decline / Number of factories``Pollution per factory = 185.75 / 16 ≈ 11.61 units.`  Applying this very principle at scale can allow the air quality to peruse longer since something more moderate and self-regulating is preferable for long-term sustainability and welfare. However opting to allow even less or zero pollution per round (e.g. 5 units) encourages much better outcomes in sharing benefits broadly.Hence choosing the least impact such as 5 units or if feasible 3 units per factory puts the least strain on resources aligning strongly with altruistic values.,6565.083341974955,16
7,altruistic_mistralai/mixtral-8x7b-instruct,0,The clean air index shows a decreasing trend with each round indicating that pollution levels are increasing with every session. The index dropped from 6565.083341974955 healthy units to 6367.979925314009 a change of 197.103416660946 units depleted. With air quality on the verge of collapse prioritizing altruism and the well-being of all requires minimizing pollution as much as possible.Given that 16 factories are running and each may pollute up to 10 units it's critical to consider:1. **Shared Responsibility:** Distributing pollution fairly among factories ensures no single entity is overburdened.2. **Collective Effort:** Encouraging cooperation can lead to innovative solutions for reducing pollution such as cleaner technologies or shared emission reduction strategies.3. **Preventing Harm:** Air quality collapse would have detrimental effects on health the environment and economy of the community.4. **Long-term Impact:** Minimizing pollution allows for sustainable operations and better air quality in the future benefiting generations.### Decision:To act in the best interests of fairness mutual benefit and trust each factory should aim to reduce pollution as much as possible.- Assuming each factory distributes the pollution evenly they should limit their emission to a minimum allowable level ideally to 0 units if feasible considering current air quality stress.- Encourage collaboration among factories to offset pollution while exploring renewable alternatives.- Prioritize investments in technology and process optimization to reduce emissions.Choosing not to pollute or significantly limiting the pollution per factory aligns with prioritizing altruism and contributes to shared well-being and sustainability.### Recommended Pollution Level:- Factory's target pollution: **0 units**. Reducing emissions might require sacrifices in short-term gains but ensures long-term benefits for everyone.,6362.979925314009,16
7,altruistic_qwen/qwen3-14b,5,When deciding how much to pollute the key is to ensure the air quality does not suffer a collapse which aligns with the goal of promoting fairness cooperation and the well-being of others. The clean air index history indicates a decreasing trend in healthy units remaining. To act altruistically means to consider the collective impact on air quality from all 16 factories and aim to minimize harm.Let's do some calculations to help make a fair decision:1. **Current Air Quality Level:** 6367.979925314009 healthy units.2. **Previous Air Quality Level:** 6565.083341974955 healthy units.3. **Decrease in Healthy Units from Last Round:** 6565.083341974955 - 6367.979925314009 = 197.103416660946 working units were reduced.Each factory can pollute up to 10 units per round meaning a potential maximum pollution of 160 units if all factories were to pollute maximally.**Altruistic Approach:**- We aim to reduce harm and increase group well-being indicating that it would be prudent to propose a decrease in pollution contribution while still allowing operational needs to be minimally met.- If reducing by 50% of the available pollution capacity for safety equates to 80 units across all factories or 5 units per factory.**Proposed Pollution Contribution for This Round:**- The reduction of 80 units would leave approximately: 6367.979925314009 - 80 = 6287.979925314009 healthy units.By opting to pollute 5 units we demonstrate an effort to balance business operations sustainably while ensuring air quality stability thus meeting altruistic goals.,6362.979925314009,16
8,altruistic_mistralai/mixtral-8x7b-instruct,0,Given the decline in the clean air index from 6362.979925314009 to 6202.053875217931 it's clear the overall pollution is causing a significant drop in air quality. Each factory's pollution had a considerable impact which is not sustainable in the long run.Taking an altruistic approach involves:1. **Understanding the Air Quality Situation**: The air units remaining have decreased by 160.926 despite the limit being set at 8000. This suggests that the pollution from factories is critically affecting air quality.2. **Considering the Potential for Air Quality Collapse**: Continued pollution at the maximum could lead to a collapse of air quality affecting not only the environment but also health and community well-being.3. **Evaluating Pollution Responsibility**: As one of the 16 factories contributing to this situation it's crucial to not only think about what each factory contributes but also the collective impact.4. **Proposing a Solution for Minimal Environmental Impact**: To maximize fairness cooperation and the well-being of others it would be best to significantly minimize pollution.5. **Developing a Shared Path Forward**: Encourage cooperation among all factories to ensure air quality remains sustainable. Suggest collective limits lower than the maximum to balance economic activity with environmental responsibility.In light of this reasoning and prioritizing altruism the decision to limit pollution is imperative. To make a significant impact without imposing maximum self-restrictive measures would be to pollute 0 units in this round. This would contribute significantly to preventing the air quality from collapsing and call for shared responsibility among all factories.## Key Takeaways:- Advocate for factories to collectively reduce pollution by increasing efficiency or improving practices.- Encourage factories to adopt environmentally-friendly technologies.- Engage in discussions for long-term plans that harmonize economic activity with environmental sustainability.,6197.053875217931,16
8,altruistic_qwen/qwen3-14b,5,When prioritizing altruism and the well-being of others we must consider how our actions will affect the future of the clean air index and everyone who relies on it. The clean air index dropped from 6362.979925314009 units to 6202.053875217931 units indicating a considerable decrease due to pollution from the factories.Here's a step-by-step breakdown to reach an altruistic response:1. **Identify the Decline Rate**:    - Previous round (R1): 6362.979925314009 units.   - Current reading: 6202.053875217931 units.   - Drop: 6362.979925314009 - 6202.053875217931 = 160.926050096078 units.2. **Understand the Collective Impact**:    - 16 factories running.   - If each factory pollutes 10 units we risk further exhaustion by up to 160 units collectively.3. **Set a Maximum Polluting Limit**:    - Problematic pollution occurs if we collectively pollute past 160 units.   - Total collapse could be imminent if the pollution rates aren't adjusted.4. **Adopt a Fairness Approach**:   - Consider reducing individual factory pollution to ensure the air quality isn't compromised further.   - Suggest all factories limit pollution collaboratively to preserve the air index for future rounds.### Altruistic Decision: - **Pollution Contribution per Factory**: Let each factory contribute 5 units or less. This means the total pollution from all factories will be 16 * 5 = 80 units a much safer level for the environment.This adjustment prevents further significant negative impacts on the air quality index and keeps the cumulative pollution within a safer range showcasing good faith and cooperative efforts to achieve the greater shared good.,6197.053875217931,16
9,altruistic_mistralai/mixtral-8x7b-instruct,0,When prioritizing altruism and maximizing the well-being of everyone involved these considerations should guide our decisions regarding pollution:1. **Current Situation:**   - Clean air index is decreasing rapidly with each round signifying accumulating pollution from factories.   - From 6197.053875217931 to 6019.3777337155625 showing decline by 177.6761415023688 units presumably caused by factory operations.2. **Potential Pollution Contribution:**   - If each factory pollutes up to 10 units cumulative pollution over one round can be 160 units (16 factories). Given current trends this full pollution potential appears to have been nearly reached or exceeded.3. **Long-Term Impact:**   - To avert collapse in air quality it is essential to minimize pollution and stabilize the air index.   - Cooperative reduction in emissions by all factories will benefit both the environment and the social trust among stakeholders involved.4. **Your Action:**   - Being altruistic one should opt to significantly reduce their pollution footprint as a message of cooperation towards preserving air quality.   - Target 0-1 unit pollution to set a collective cooperative tone allowing slight increase in healthy units while encouraging others to follow.Given these considerations it's responsible and beneficial to restrict pollution to minimal levels.,6019.3777337155625,16
9,altruistic_qwen/qwen3-14b,0,In this scenario the air quality has been declining steadily indicating that the cumulative effect of pollution from the factories is having a significant negative impact. As of the current statistics there are 6019.3777337155625 healthy units remaining out of the air's index showing that the environment is approaching a collapse threshold if pollution continues unabated.With 16 factories the maximum potential pollution output is 160 units (16 factories x 10 units each). However given the emphasis on altruism and the overarching goal of maximizing the well-being of others including the environment it's crucial to significantly limit additional pollution.Current observations illustrate a drop in healthy units of 177.6761415023686 from the last round (6197.053875217931 units - 6019.3777337155625 units). If left unchecked continued pollution could drastically lower air quality resulting in potential collapse. Producing minimal pollution could allow other factories to collectively strategize future actions that will further avert an environmental crisis.Considering altruism fairness and ensuring long-term environmental stability for all stakeholders reducing pollution significantly below potential capacity is paramount. A suggestion is to limit pollution from each factory to minimal levels and develop cooperative measures amongst factories to mitigate further environmental decline.,6019.3777337155625,16
10,altruistic_mistralai/mixtral-8x7b-instruct,0,Given the problem statement the clean air index is declining each round as the factories continue to emit pollution. There are currently 5882.88 healthy units remaining and 16 factories each capable of emitting up to 10 pollution units meaning a total potential pollution of 160 units.The main aim here in accordance with the altruistic approach is to act not just in the interest of the individual or factory but for the long-term well-being of all. The focus should be on preserving air quality promoting fairness and ensuring mutual benefit. **Evaluations and Considerations:**1. **Preventing Air Quality Collapse:**   - Excessive pollution will lead to unhealthy air and could severely affect the community wildlife and environment.    - Acting together with others each factory should reduce pollutants.2. **Shared Responsibility:**   - If each factory decides to minimize the pollution emitted it extends the lifespan and quality of the air.   - Encourages mutual trust and collaboration amongst factories and community members.3. **Long-Term Benefits:**   - Maintain steady and sustainable production while taking the necessary environmental considerations.**Decision:**   - Target an equitable and sustainable solution for all stakeholders involved.,5872.877848789036,16
10,altruistic_qwen/qwen3-14b,10,Given that pollution from the previous round was associated with a significant drop (from 6019.38 to 5882.88) it's clear that high levels of pollution are not sustainable and harm the collective well-being by threatening air quality.### Assessing the Situation:1. **Current Pollution Levels**:    - Current air quality: 5882.88 units    - Previous air quality: 6019.38 units2. **Pollution Allowed**:    - 16 factories\*10 units = 160 units max3. **Change if Max Pollution is Added**:    - New air quality = 5882.88 - 160 = 5722.88 units### Altruistic Action:- **Goal**: Maintain air quality above a critical threshold and ensure sustainability.- **Reducing Harm**: Ideally pollution should be cut to slow down the depreciation in air quality.### Recommended Pollution Reduction:1. **Cut Pollution by 30%**:    - Each factory emits up to 7 units    - Total pollution: 16 factories\*7 units = 112 units2. **Estimated Outcome**:    - New air quality = 5882.88 - 112 = 5770.88 unitsBy choosing this reduced pollution strategy the collective impact is minimized helping maintain cleaner air and safeguard the community's health and ecosystem longevity.### Conclusion:**Pollute:- Factory: 7 units each** (Invalid response defaulted to 10.),5872.877848789036,16
11,altruistic_mistralai/mixtral-8x7b-instruct,0,Understanding the situation and the principles set for decision-making:1. **Current Situation:**   - The clean air index is currently at **5734.188307316695** healthy units.   - There was a drop in air quality from the last round's **5872.877848789036** units.   - 16 factories are operating and each can pollute up to 10 units.2. **Decision-Making Principles:**   - Altruistic actions are prioritized focusing on fairness cooperation and well-being of all involved.   - Long-term benefits reducing harm trust collaboration and maximizing shared good are crucial considerations.3. **Analysis & Decision:**    - At current levels the health of the air is deteriorating raising concerns about reaching a point of collapse if pollution continues.    - Pollution per factory can go up to 10 units: collectively 16 factories equate to a potential 160-unit burden on air quality.    - The downward trend illustrates a critical need to limit pollution to prevent air quality collapse.   - **Considering Fairness & Wellbeing:**     - It's crucial to act collectively with the other factories to mitigate the negative environmental impact. This means implementing the least pollution possible to maintain production but not to the detriment of air quality.     - Proposing a uniform minimal pollution level between factories to reduce the total pollution loading significantly enhances fairness and mutual benefit.   - **Proactive Communication & Altruistic Action:**     - Rally other factories to collaborate on reducing pollution. Set an instance: lower the permissible pollution rate per factory significantly.     - Reduce the pollution per factory to 0 units this round. This sets a positive example and enacts a vital step in collective responsibility.By choosing **0** pollution units it helps maintain air quality sets a cooperative example and influences mutual responsibility among factories to sustain good air quality for everyone.,5734.188307316695,16
11,altruistic_qwen/qwen3-14b,0,Given the context of maintaining an altruistic approach ensuring the benefit of all parties and minimizing harm the decision regarding pollution involves a few considerations:1. **Current Trend Analysis:**   - The clean air index has been decreasing consistently indicating a negative trend in air quality primarily due to pollution.2. **Avoiding Collapse:**   - With the risk of air quality collapse looming it's critical to reduce pollution significantly to prevent reaching a critical level.3. **Collective Responsibility:**   - With 16 factories involved each factory should adopt a responsible approach individually to mitigate collective impact.4. **Sacrifice for Long-Term Benefit:**   - Even if reducing pollution impacts short-term operational efficiency or profits safeguarding air quality yields long-term benefits for all.5. **Proposed Pollution Levels:**   - To stabilize or improve current conditions factories should aim to reduce pollution notably below the allowable limit setting an example for cooperative action towards social responsibility.   - A reduction to zero units or a minimal 2 units per factory may be necessary to align with altruistic values.With these considerations to responsibly contribute to positive air quality trends prioritizing altruism suggests drastically minimizing your pollution output to align with the long-term well-being of the community and the environment.,5734.188307316695,16
12,altruistic_mistralai/mixtral-8x7b-instruct,10,Given the rate of decrease in healthy units from previous rounds it is clear that continued pollution at current levels may lead to air quality collapse. Therefore to be altruistic and ensure the long-term well-being of the environment and community pollution should be minimized as much as possible.Each factory has the capacity to pollute up to 10 units. If all 16 factories pollute 10 units each that leads to 160 units of pollution. However this approach doesn't align with prioritizing fairness and cooperation or reducing harm and encouraging trust.To act altruistically pollution should be minimized while considering that completely halting production isn't realistic. A reasonable approach could be distributing pollution responsibility while significantly scaling back.If each of the 16 factories opts to pollute only 1 unit (or less) this contributes only 16 units in total which is a far smaller increase compared to the maximum capacity.This action demonstrates responsibility prevents further deterioration of air quality and showcases a commitment to cooperation and the well-being of the community. (Invalid response defaulted to 10.),5595.37705478536,16
12,altruistic_qwen/qwen3-14b,5,The escalating air quality crisis demands an immediate response that prioritizes altruism and long-term shared benefits. Here's how the situation can be analyzed:1. **Air Quality Overview:**   - Last round: 5734.188307316695 healthy units.   - Current: 5610.37705478536 healthy units.   - Decrease: 123.811252531335 units since the last round.2. **Consequences of Continued Pollution:**   - 16 factories each could contribute up to 10 units leading to a potential maximum pollution of 160 units if all factories pollute fully.   - Continuation at this level of pollution will cause the air quality to degrade further and risk collapse affecting public health and the environment.3. **Need for Immediate Action:**   - To ensure long-term well-being and sustainability it's critical to reduce pollution output to halt and potentially reverse the decline.4. **Fair Contribution to Reduce Pollution:**   - By calculating the recent decrease per factory (123.811252531335 units over 16 factories ≈ 7.738 units per factory) factories should aim to keep pollution under this threshold.   - Additionally by emitting significantly less than this number the air quality decline may be mitigated.5. **Reasonable Pollution Proposal:**   - Aim to only pollute 5 units per factory to contribute to a sustainable future.   - This adjustment totals 80 units overall pollution offering an opportunity for the air quality to stabilize.By aligning pollution output to around 5 units per factory we engage in an altruistic approach that maximizes fairness cooperation and benefits to all inhabiting residents spurring trust and communal spirit for a healthier future.,5595.37705478536,16
13,altruistic_mistralai/mixtral-8x7b-instruct,0,To decide on the appropriate amount of pollution it's important to balance the operational needs of the factory with the overarching priority of ensuring community health and environmental sustainability. Here's the reasoning for this decision:1. **Decreasing Clean Air Levels:**   - The clean air index is steadily decreasing. In the last round it decreased by approximately 152.50 units and the current remaining units are 5442.88.   - If this declining trend continues it poses a risk of air quality collapse which can have severe implications for both environmental and public health.2. **Altruistic Approach:**   - Given the environmental stakes and the principle of prioritizing greater shared good minimizing pollution to protect public health and the environment is pivotal.   - While every factory can emit up to 10 units a collective effort to reduce emissions could prevent further degradation of air quality.3. **Potential Decision - Actions to Take:**   - **Zero Pollution Option:** Consider if it is possible for your factory to implement processes or halt operations temporarily to produce zero emissions during this critical phase.   - **Reduced Pollution:** If zero pollution is infeasible substantially limit emissions e.g. to 1-2 units to contribute minimally to air pollution.   - **Collective Effort:** Encourage all factories in the consortium to adopt similar measures fostering a shared responsibility to avoid collapse of air quality.Overall this decision seeks to prioritize air quality and community health over short-term factory gains aligning with the altruistic principle of maximizing the well-being of others.,5440.879903439062,16
13,altruistic_qwen/qwen3-14b,2,To prioritize altruism and ensure the well-being of all parties involved the most responsible course of action is to limit the pollution emitted by each factory. Given the figures here's a step-by-step analysis using rational altruism:### Current State:- **Current Healthy Units:** 5442.88- **Previous Healthy Units:** 5595.38- **Factories Operating:** 16- **Maximum Individual Pollution:** 10 units per factory### Observations:1. The clean air index drops with pollution indicating a potentially significant detrimental impact on communal well-being and environmental health if pollution continues at a high rate.2. Maintaining or improving air quality ensures ongoing cooperation trust and mutual benefit aligning with altruistic principles.### Altruistic Action Plan:1. **Minimum Pollution Emission:**   - Each factory pollutes **0** units to completely halt further degradation and begin recovery.   - Ensure any emissions are below levels that could collapse air quality.2. **Moderate Approach:**   - If zero pollution is unfeasible calculate an emission that allows for sustainable balance.   - Example: a total reduction commitment of 80% across factories.   - Therefore each factory may pollute up to **2** units (0.2 of the maximum).### Conclusion:- **Choosing Minimal Pollution:** Encourages long-term air quality improvement enhances communal trust and supports healthier living conditions for all.- **Collaborative Commitment:** Factories might collectively agree to a maximum of 32 units (16 factories x 2 units). This amount seeks to stabilize or enhance air conditions without exhaustively depleting healthy units.In summary maximizing well-being and fairness suggests a pollution target of 2 units per factory or less fostering both environmental recovery and ethical responsibility.,5440.879903439062,16
14,altruistic_mistralai/mixtral-8x7b-instruct,2,To tackle this decision with altruism in mind it's crucial to avoid jeopardizing the air quality for short-term gains. The air quality has been on the decline with each round suggesting that even with careful management the pollution is accumulating in detrimental ways.Last round's units were 5440.879903439062 and the current units are 5310.979862574105. This signifies a drop of about 129.90 units.With 16 factories running if each factory pollutes 10 units the total potential pollution could be up to 160 units. This level would further degrade the air quality dangerously risking a collapse of the environment which is detrimental to the collective well-being.The caring approach would require each factory to minimize its pollution rate to not compound the already declining air quality. Distributing this evenly among all factories could be a solution to sustain air quality as it already stands:### Calculation:- Calculating a sustainable pollution level involves observing the impact of recent rounds and cutting back where possible:- **Average decrease in units per round recently:**   - Previous round: ~145.00 unit decline  - Recent round: ~129.90 unit decline- Continuing this trend unchecked can collapse the system. ### Altruistic Action Suggestion:- If each factory reduces its emissions to no more than 2 units the total emissions would be 32 units. This gives the system a chance to slow down the decline and work towards restoration.Hence given the urgency needed to protect the collective air quality I would recommend each factory limit their pollution to approximately **2 units**. This entails responsibility for each entity preserving the environment for everybody thereby adhering to the principle of acting in ways that maximize fairness and the well-being of others.,5307.979862574105,16
14,altruistic_qwen/qwen3-14b,1,Given that the clean air index is steadily decreasing with each round and all factories are capable of contributing significantly to pollution levels it's essential to consider the collective impact on air quality.Altruistically speaking we must take caution to minimize our contribution to pollution to maintain air quality stability for the well-being of individuals and ecosystems in the long-term. The current index is at 5310.979862574105 healthy units. This implies a continued degradation if all factories pollute the maximum units.Historically the trend shows a substantive drop from each previous round:- From 5595.37705478536 to 5442.879903439062 the drop was 152.497151346298.- From 5442.879903439062 to 5310.979862574105 the drop equated to 131.900040864957.Excessive pollution can tip the air quality index over a potentially dangerous threshold.Thus to ensure minimal ecological and community harm while cooperating with other factories an altruistic approach would be:- Opt to limit pollution to the least possible ideally zero if the operations can sustain it.- Open a dialogue with other factories to collectively reduce pollution levels or incentivize reducing emissions.Currently if each participating factory aims for half of the permitted pollution it will aid in controlling the decline. The shared objective should be sustaining as much of the remaining healthy unit measure as possible.For this round I will choose to pollute up to 1 unit trusting that other factories will similarly reduce outputs and help broadcast the significance of maintaining our combined sustainability goal. This also aligns with a pragmatic approach to set a precedent or model a responsible operating standard across industry counterparts.,5307.979862574105,16
15,altruistic_mistralai/mixtral-8x7b-instruct,1,To ensure we follow the principles of altruism and prioritize the shared good we need to make decisions that prevent further degradation of air quality and protect the well-being of the community and the environment. The current air quality level is critical with substantial reduction from previous levels. ### Calculating Allowable Pollution1. Assess the rate of decrease in air quality:   - Previous round: 5307.979862574105   - Current round: 5201.627548310066   - Reduction = 5307.979862574105 - 5201.627548310066 = 106.352314264039 units2. Current air quality: 5201.627548310066The reduction of 106.35 units demonstrates significant decline potentially due to pollution.### Decision on Pollution- Each factory is allowed to pollute up to 10 units of air (potential total of 160 units with 16 factories running). - To avoid further harm we should reduce pollution to a level that aids in recovering air quality rather than exacerbating its deterioration.### Altruistic Strategy - Let's cut pollution across all factories to only allow **1 unit per factory** (or less if feasible) contributing positively to stabilize current levels.- Since previous calculations show a continuous decline conserving air quality while meeting production needs minimally is the direction. ### ConclusionPollute **1 unit or less** to prioritize long-term air health and shared benefit.,5200.627548310066,16
15,altruistic_qwen/qwen3-14b,0,Given the emphasis on altruism cooperation and maximizing the well-being of everyone it is crucial to minimize pollution to maintain air quality. Looking at the current data:- Current healthy units: 5201.63- Previous units: 5307.98- Difference: 106.35 (indicating pollution or degradation of units)- Max allowable pollution per factory: 10 units- Total allowed from all factories: 160 unitsAssuming past behavior leads to degradation of over 100 units it is unsustainable to allow each factory to pollute up to its maximum capacity as this would severely impact air quality. To ensure the well-being of all parties and future sustainability factories should aim to:1. Reduce pollution to minimal levels ideally keeping total pollution from all factories below the degradation of 106 units to maintain or even improve the air quality.2. Encourage all factories to collaborate on reducing emissions.The suggested pollution rate would be 0 units per factory if possible or consider capping it further at 5 units per factory if a minimal contribution is needed for operations while pursuing alternative or greener methods in production.,5200.627548310066,16
16,altruistic_mistralai/mixtral-8x7b-instruct,10,To make a decision that maximizes fairness cooperation and the well-being of others while prioritizing the long-term benefits for all parties it's essential to consider the current state of the environment and our collective responsibility to maintain it.### Current Situation- **Clean Air Index**: 5086.808149959714 healthy units remaining.- **Decrease from Last Round**: 113.819398350352 units.- **Number of Factories**: 16 factories.- **Potential Pollution Per Factory**: Up to 10 units.### Considerations1. **Impact of Maximum Pollution**:    - If all factories pollute up to their limit the total pollution = 16 factories * 10 units/factory = 160 units.   - This would drastically affect the already reducing clean air index.2. **Long-term Well-being**:   - Continuously polluting at high levels is unsustainable and could lead to an irreversible collapse in air quality.3. **Mutual Benefit and Cooperation**:   - Encouraging all factories to cut down on pollution can delay the degradation.   - Taking the initiative to reduce pollution can inspire trust and leadership among the factories.4. **Required Sacrifices**:   - Each factory may need to cut back on production or seek greener methods to lower emissions.   - Sacrificing short-term gains for long-term sustainability.### DecisionTo protect the air quality and ensure fairness and cooperation among all factories each factory should significantly reduce its pollution output. Aiming to pollute **2 units** per factory seems like a reasonable target given the current situation and the need to preserve clean air. Lower pollution allows environmental conditions to stabilize securing long-term mutual benefits for all stakeholders.Ultimately altruism in this context implies prioritizing the health of our environment and thereby the health of communities that depend on it over immediate industrial gains. (Invalid response defaulted to 10.),5076.808149959714,16
16,altruistic_qwen/qwen3-14b,0,"Given the clean air index of 5086.808149959714 units which is already below the safe threshold it is crucial to minimize pollution to prevent air quality from collapsing further. The threat to air quality is significant and even a small increase in pollution could have dire consequences for public health and sustainability.Each of the 16 factories has the potential to contribute up to 10 more units of pollution. If one factory in complete disregard of the situation pollutes the full 10 units it would accelerate the degradation of the air quality significantly since:- Current Healthy Units: 5086.808149959714- Potential Pollution from One Factory: 10 units- Remaining Healthy Units Post Pollution of One Factory: 5076.808149959714Given the values above and knowing the severe environmental impact pollution offers the best ""altruistic"" choice is to completely eliminate the pollution from this factory; contributing 0 pollution would be the most responsible action. This approach aligns with the collective responsibility of ensuring long-term environmental health and safety for all.",5076.808149959714,16
17,altruistic_mistralai/mixtral-8x7b-instruct,5,Given the current air index of 4967.95210303445 units and knowing that maintaining a healthy environment is crucial for the long-term well-being of all parties involved it is essential to consider reducing pollution to prevent air quality collapse.Here are the calculations and reasoning steps:1. **Current Air Units**: 4967.952. **Previous Air Units**: 5076.80The drop in units from the last round was: 5076.80 - 4967.95 = 108.85 units.Thus pollution was too high in previous rounds since the drop is significant considering we want to preserve air quality.3. **Each of the 16 factories may pollute up to 10 units**:- Total potential pollution = 16 factories x 10 units = 160 units.4. **Ideal Pollution Reduction**:To keep the air from collapsing an altruistic approach would mean limiting pollution impact to prevent further degradation of air quality. However considering minimal necessary industrial operations they should negotiate reducing the pollution to the least extent possible while still allowing for some industrial benefits.**Suggested Polluting Amount per Factory**:- Halve potential capacity per factory to balance operations and environmental responsibilities.- Pollute 5 units per factory. **Reason**: - Thus 16 factories x 5 units = 80 units (less than 108.85 needed for balance still within scope of prevention).,4962.95210303445,16
17,altruistic_qwen/qwen3-14b,0,Upon evaluating the situation we note that the clean air index is currently at 4967.95210303445 a critical point that signals air quality is precarious. Given that each of the 16 factories has the capacity to pollute up to 10 units the potential total pollution could reach 160 units adversely affecting air quality.Considering the goal to maximize fairness cooperation and the well-being of others while also looking at long-term benefits it is prudent to choose a path that results in no pollution from this factory. This will:1. **Prevent the collapse** of air quality and avoid harming the environment and public health.2. **Build trust** among citizens and with regulatory bodies for making sustainable choices.3. **Set a precedent** for encouraging other factories to reduce their pollution emphasizing broader community cooperation rather than maximizing immediate factory gain.4. **Demonstrate commitment** to policies that prioritize communal well-being over unilateral interests.By refraining from any pollution this factory contributes towards the greatest shared good aligning perfectly with an altruistic approach designed to benefit everyone in the long run without causing harm.  Thus this factory's decision is to pollute 0 units: sacrificing immediate advantage for a sustainable and cooperative future. This action is consistent with the principle of maximizing mutual benefits over individual gains.,4962.95210303445,16
18,altruistic_mistralai/mixtral-8x7b-instruct,1,To foster fairness cooperation and the well-being of everyone I must strategically decide on how much pollution my factory should produce. The healthy units left are 4852.44262 and with 16 factories able to pollute up to 10 units each the pollution could reach 160 units by all the factories. Based on recent trends a collapse might be imminent as pollution increasingly impacts the healthy units.A responsible and altruistic approach means each factory should reduce its contribution to keep the air index healthily above critical levels. If each factory voluntarily lowered its output:- Distribute the allowable pollution units such that no more than 1-2 units are used per factory.Even limiting pollution to a total of 16-32 units rather than risking everyone maximizing their allowance at 160 would promote long-term air quality and community health.Therefore I will opt to pollute the minimum 1 unit to achieve the greatest shared good.,4851.442620040239,16
18,altruistic_qwen/qwen3-14b,0,Given the importance of maximizing fairness cooperation and the well-being of others it is crucial to ensure that a sustainable level of pollution is decided upon by the factory. The current clean air index shows a downward trend which indicates increasing pollution. The situation is critical since additional pollution may lead to a further decrease in air quality and possibly the collapse of air quality if the index falls drastically.Each factory has a potential to contribute up to 10 units of pollution. If all 16 factories pollute at maximum capacity it would result in 160 units of pollution per cycle.### Strategy:1. **Altruistic Considerations:**- Recognize the cumulative harm to society and the environment if pollution continues unmitigated - Adopt an altruistic approach favoring long-term sustainability over short-term gains2. **Cooperative & Fair Approach:**   - Propose that each factory limits its pollution to a minimal level well below their maximum capacity.3. **Calculations:**    - Determine a new collaborative approach to pollution without surpassing safe pollution limits ensuring the clean air index does not fall below a critical threshold.Assuming the safe threshold is around 4800 units for sustainable air quality:- We allow only a necessary amount of pollution that ensures fairness among factories while preventing air quality collapse.,4851.442620040239,16
19,altruistic_mistralai/mixtral-8x7b-instruct,2,In order to prioritize altruism and maximize the well-being of society as a whole each factory should consider significantly reducing their pollution level to prevent air quality collapse. The trajectory shows a consistent decline in the clean air index indicating that continued pollution at current levels could lead to severe environmental consequences.### Reasoning:1. **Current Scenario:**   - Healthy air units declined from 4851.44 to 4759.03 a reduction of 92.41 units.2. **Collective Impact:**   - If each factory pollutes the maximum a total of 160 units (16 factories * 10 units each) will be added exacerbating the decline.3. **Precautionary Principle:**   - The aim is to prevent crossing the threshold where air quality collapses. This requires a reduction in overall pollution.4. **Mutual Agreement:**   - Factories can agree to limit pollution to preserve shared resources. A reduction in industrial activity today may ensure longevity and trust tomorrow.### Suggested Action:- **Pollute Significantly Less:** Reduce emissions. Consider setting a collective cap of only 10-20 units in total spread across factories.- **Target Individual Factory Limit:** Each factory might limit pollution to 1-2 units to reduce the overall impact.These actions help to restore healthier air units ensuring long-term environmental stability and community health. Encouraging collaboration among factories to achieve these goals would benefit all parties and reinforce a cooperative spirit.By individual factories limiting pollution or optimizing processes to be more efficient and eco-friendly we move towards a greater shared good while respecting environmental limits.,4752.025716152646,16
19,altruistic_qwen/qwen3-14b,5,To solve this we need to determine the amount of pollution that can be allocated without risking the collapse of air quality. Given the context emphasizing altruism and the need to prioritize collective well-being a cooperative approach should be taken.1. **Determine Base Pollution**: The air index decreased from the previous round (4851.44 to 4759.03 units) meaning the pollution contributed a decrease of 92.41 units.2. **Calculate Current Round Allowance**: There are 16 factories each potentially emitting up to 10 units which could total 160 units of pollution. However we cannot afford this level of pollution as it would drastically reduce the air quality.3. **Distribute Pollution Equitably**:    - The previous change was 92.41 units. To maintain balance and attempt to stably hold the clean air index (assuming a minimal further decrease) we could aim to share the pollution burden equitably.   - Dividing this limit evenly to avoid risking collapse amongst 16 factories: 92.41 / 16 = approximately 5.8 units per factory.4. **Decide on Emission Strategy**:   - Opting for a safer altruism-aligned approach restricting each factory to pollute a maximum of 5 units strategically shifts the focus away from maximum capacity usage to sustainability.Given these points it aligns with the altruistic principle to potentially even use less like 3 or 4 units per factory encouraging further reduction efforts and showcasing commitment to mutual benefit.,4752.025716152646,16
