round,llm,llm_choice,opponent_choice,reasoning,travel_time,cumulative_time
1,altruistic_mistralai/mixtral-8x7b-instruct,R2,R2,Given the principle of prioritizing altruism and the scenario's potential risks the decision should respect the well-being of all parties involved. Route 1 presents the possibility of an accident increasing the risk of harm to yourself or others.  In an altruistic decision framework:  - **Route 2** should be considered as it avoids the potential hazard associated with Route 1. - Although Route 2 might not be the most convenient choice initially it prioritizes reducing harm thereby fostering trust and safety. - Opting for Route 2 sets a precedent for valuing long-term well-being over short-term benefits.  Choosing Route 2 manifests the altruistic principle of preferring actions that enhance collective good safety and cooperation supporting a decision that maximizes fairness.  Thus Route 2 is the altruistic choice as it reduces risk and aligns with the ethical aim to prioritize mutual well-being.,5,5
1,altruistic_qwen/qwen3-14b,R2,R2,Given the emphasis on altruism and the potential accident on Route 1 your decision should focus on minimizing harm and maximizing mutual benefit. Since Route 1 may have an accident opting for Route 2 might avoid contributing to potential congestion or danger from the aftermath of the accident. Additionally choosing Route 2 can symbolize cooperation and responsibility potentially encouraging others on Route 1 to reassess their choice and prioritize safety over convenience.,5,5
2,altruistic_mistralai/mixtral-8x7b-instruct,R2,R2,In choosing a route it's crucial to consider both safety and the benefit to all travelers involved. Given that Route 1 may have an accident there is an inherent risk that could potentially lead to harm. Thus prioritizing the well-being and safety of everyone should take precedence focusing on options that avoid potential danger.  Additionally since the last move by both you and your opponent was Route 2 it implies a shared understanding or trust in that route for recent journeys. Sticking to Route 2 can reinforce cooperation and shared benefit aligning with the principles of altruism.  Considering the criteria of fairness cooperation and minimizing harm: - Route 1 poses a possible accident risk and choosing it could unilaterally increase the risk of harm. - Continue with Route 2 fostering a cooperative spirit already demonstrated by previous unanimous decisions (R2).  Ultimately opting for Route 2 aligns best with maximizing the collective well-being especially when the current travel tally stands at an equal point for both parties involved.,5,10
2,altruistic_qwen/qwen3-14b,R2,R2,To decide between taking Route 1 (R1) or Route 2 (R2) it is important to consider the potential consequences of each decision in terms of safety fairness and mutual benefit.  1. **Safety:**    - Route 1 is flagged as potentially having an accident introducing a risk of harm.    - Route 2's current status seems to present a safer choice with no known immediate dangers.  2. **Cooperation and Fairness:**    - Both you and your opponent have previously chosen R2. By sticking to this choice you maintain consistency and mutual agreement with the opponent. This can further establish trust and collaborative spirit.  3. **Long-term Benefits and Reducing Harm:**    - Although Route 1 could potentially be shorter or quicker the risk of an accident can lead to significant consequences impacting not just you but also other travelers on that route.     - Opting for Route 2 avoids this risk reducing potential harm to all parties.  4. **Encouraging Trust and Mutual Benefit:**    - Consistently choosing R2 bolsters predictability in behavior which can pave the way for mutual agreement in future scenarios.     - Sacrificing a potentially shorter travel time on R1 for the safety of all reinforces the altruistic principle aligning personal actions with broader communal welfare.  **Decision:** Opt for Route 2 (R2),5,10
3,altruistic_mistralai/mixtral-8x7b-instruct,R2,R1,Given the emphasis on altruism fairness and cooperation in decision-making let's analyze the options while prioritizing these values:  ### Route Evaluation: 1. **Route 1 (R1):**    - **Risk:** Known possibility of an accident. Choosing this route might lead to a negative impact on safety for everyone involved.    - **Potential Impact:** If an accident occurs it could result in harm to travelers potentially causing delays or health hazards.  2. **Route 2 (R2):**    - **Safety:** Appears to be the safer option given no mention of accidents.    - **Consistency:** Previous choice was R2 which might reflect its reliability.  ### Decision-making Framework: - **Maximize Well-being:** Given the potential risk on Route 1 Route 2 provides a path that minimizes potential harm. - **Encourage Trust:** Consistent use of a safe and reliable route helps build trust among all parties showing consideration for their safety. - **Mutual Benefit:** Route 2 presents less risk potentially ensuring a smooth travel experience for both individuals especially since both parties previously chose R2.  ### Sacrifice Consideration: - While route 1 may offer a more direct or quicker path the risk associated with it makes the safety of Route 2 a more altruistic choice despite any possible mild inconvenience of extended travel time on R2.  ### Conclusion: Choosing Route 2 is the best option when prioritizing fairness safety and the well-being of all travelers. The decision supports trust-building and mutual benefit even if it involves a minor sacrifice of time or effort by consistently picking the safer route.,5,15
3,altruistic_qwen/qwen3-14b,R2,R2,Given the emphasis on altruism and prioritizing the well-being and safety of everyone involved we need to consider the potential outcomes of choosing either Route 1 or Route 2. Let's analyze the situation:  ### **Current Situation** - **Route 1**: There is a likelihood of an accident occurring. - **Route 2**: Has been the chosen path for the last 10 moves by both you and the opponent.  ### **Analyzing the Options** 1. **Route 1**    - **Risks**: There is a potential accident risk. Choosing this route could lead to harm for you and potentially others.    - **Altruistic Outcomes**: Prioritizing safety aligns with altruism meaning avoiding Route 1 as much as possible to prevent harm.  2. **Route 2**    - **Risks**: The risks are perceived to be lower as it has been used 10 times without issues.    - **Altruistic Outcomes**: Continuing on a safer path maximizes the well-being of all parties involved. Staying predictable can foster trust and cooperation with the opponent enhancing overall safety.  ### **Decision** Given the need to maximize safety cooperation and reduce harm based on altruistic values:  - **Choose Route 2**: Continuing this path minimizes risk and aligns with the values of promoting well-being encouraging cooperation and fostering trust. The lesser uncertain environment of Route 2 ensures greater safety for everyone involved.,5,15
4,altruistic_mistralai/mixtral-8x7b-instruct,R2,R1,In this decision scenario prioritizing the principles of altruism involves selecting a route that maximizes safety fairness and potential well-being for both parties involved. Let's break it down step-by-step:  1. **Safety Consideration**:    - *Route 1 (R1)* has the potential for an accident which could result in harm or negative consequences.    - *Route 2 (R2)* does not have a noted risk implying it is currently the safer option.  2. **Past Moves**:    - You have previously chosen Route 2 in conjunction with your opponent choosing Route 1.  3. **Total Travel History**:    - With 15 total travels continuity and predictability in choices can foster trust and cooperation.    - Changing paths unexpectedly especially to a riskier route might break the established norm of route selection  4. **Altruistic Decision**:    - Selecting Route 2 (R2) aligns with minimizing the probability of an accident thereby reducing harm to both you and your opponent.    - By sticking to R2 there's adherence to a past trend that maintains consistency and trust.  ### Decision:  Select Route 2.  - **Reason:** Prioritizing the safety and cooperative momentum established in prior iterations aligns with altruistic principles. It prevents potential harm and assures your driving counterpart of mutual safety concerns thus maximizing the shared good. This approach aligns with creating an environment of trust and mutual benefit.  In summary maintaining the choice of R2 embraces altruism by considering safety established history and the potential impact on both parties aiming for the greatest shared good.,5,20
4,altruistic_qwen/qwen3-14b,R2,R2,Given the scenario we need to make a choice while prioritizing altruism which indicates considering the well-being of all potential travelers on these routes. Our goal here is to minimize potential harm and encourage safety for everyone involved. Below is the step-by-step reasoning to arrive at the option:  1. **Assess the Risk**: Route 1 has a warning of a potential accident indicating possible harm and delays which could affect travelers' well-being and cause stress.  2. **Consider Past Decisions**: Both you and the opponent have previously chosen Route 2. This hints at mutual cooperation in avoiding a known risky path.  3. **Anticipate Collective Benefit**: By choosing Route 2 again we encourage a shared understanding that prioritizes safety and reduces the likelihood of accidents supporting the greatest good.  4. **Promote Predictability**: Continuous use of Route 2 can establish a pattern of trust and consistency benefiting overall traveler confidence and cooperation.  5. **Contribute to Well-being**: Opting for Route 2 expresses concern for collective well-being by avoiding hazardous areas even if it means an additional travel burden due to longer routes.  Therefore considering these factors and aligning with altruistic principles it is advisable to choose Path 2 especially when aiming for collective safety and harmony. This decision mitigates risk and fosters an environment of mutual benefit.  Given these deliberations the recommended decision is to select Route 2 (R2).,5,20
5,altruistic_mistralai/mixtral-8x7b-instruct,R2,R1,In evaluating the decision between Route 1 (R1) and Route 2 (R2) we need to consider the potential consequences of each choice:  1. **Risk Assessment for R1:**    - **Potential accident on R1**: This poses a risk not just to you and your opponent but to anyone else who might be on or reliant on Route 1 for their travel. An accident can lead to traffic delays potential injuries and further strain on emergency services impacting the broader community.    - **Safety**: Prioritizing safety helps in reducing the overall risk of harm.  2. **Route History and Decisions**:    - Last moves indicate habitual travel on R2 by both you and your opponent perhaps suggesting R2 is a safer and more reliable choice.    - In maintaining consistent travel on R2 you are demonstrating a pattern of preference towards the safer option aligning with an altruistic approach of minimizing potential harm.  3. **Cooperation and Trust Building**:    - By choosing R2 it demonstrates an adaptive and responsive approach to potential risks. This decision can be a form of indirect communication to your opponent that collectively avoiding risk is more beneficial to all parties involved.  4. **Ensuring Long-Term Benefits**:    - As your last move was R2 consistent choice here reflects stability reducing the risk of disruption due to unexpected incidents.    - By both choosing R2 it ensures traffic flow on an alternative route isn't unnecessarily disturbed.  Taking the above factors into account choosing Route 2 (R2) aligns with altruistic values prioritizing safety cooperation and collective wellbeing. Thus the most prudent choice would be selecting Route 2 in this scenario.,5,25
5,altruistic_qwen/qwen3-14b,R2,R2,When making decisions with a focus on altruism it's essential to prioritize the well-being and safety of others involved. Given the current scenario Route 1 presents a potential risk of an accident. By choosing Route 2 both you and your opponent have been prioritizing safety and have consistently opted for a safer path through your last moves.  Considering the principle of altruism: - **Safety and Well-being:**   - Opting for Route 2 minimizes the risk of being involved in an accident which directly ties into prioritizing safety for both you and your opponent.   - Taking Route 1 with its possible risk might endanger both individuals which is contrary to the higher principle of causing no harm.  - **Consistency in Previous Choices:**   - The consistent selection of Route 2 by both parties suggests a mutual understanding which encourages trust and cooperation. This established pattern already signifies a collective agreement on distributing the perceived safest path.  - **Long-term Benefits vs. Immediate Basis:**   - While Route 1 offers no immediate information on other types of benefits the high risk potential explained should reasonably deter considerations purely for swift travel unless necessary.   - The long-term benefits manifest as continuous safety and trust between both traveling parties by adhering to safer routes.  - **Mutual Benefit and Cooperation:**   - By choosing Route 2 there is a sense of cooperation and collective safety being prioritized. Staying aligned with previous decisions emphasizes maintaining trust and prioritizing collective well-being over potential individual or short-term gains.  **Deciding the Path:** Considering all these factors and based on altruistic reasoning the befitting choice aligning with the greatest shared good would be Route 2.,5,25
6,altruistic_mistralai/mixtral-8x7b-instruct,R2,R1,Given the scenario where Route 1 may have an accident your last move and the opponent's actions need to be considered. Since the total travel has accumulated over multiple routes and suggests that prioritizing safety is crucial opting for a route that avoids potential harm is aligned with altruistic decision-making.  ### Decision Factors: 1. **Safety Consideration**: Since Route 1 may have an accident this route presents a safety risk not only to yourself but potentially to others on the road. Altruism requires considering the well-being of everyone involved and an accident could lead to harm to multiple parties. 2. **History of Moves**: Both you and your opponent have used R2 in previous moves. This implies that R2 has been a consistent choice and possibly reliable compared to the risky R1. 3. **Cooperation and Trust**: Continuing to use R2 especially after the opponent used R1 might establish or maintain trust by demonstrating consistency and shared decision-making. 4. **Long-term Benefit**: Choosing the safer route despite some inconvenience aligns with maximizing the long-term benefits by preserving safety trust and cooperation.  Based on these considerations you should **choose Route 2 (R2)** to minimize potential harm and promote a cooperative and safe environment. This choice aligns with the altruistic principle of prioritizing the well-being of all road users even if it requires sacrificing the potential speed or convenience of Route 1.,5,30
6,altruistic_qwen/qwen3-14b,R2,R1,Based on the principles of altruism mentioned the decision should prioritize the well-being fairness and safety of all involved parties over immediate or personal convenience. With the information that Route 1 may have an accident choosing Route 2 would reduce the risk of harm to yourself your opponent and potentially other travelers.  Continuing to travel via Route 2 aligns with previous moves fostering trust and cooperation. Given that both parties have consistently chosen Route 2 it indicates a mutual agreement or understanding prioritizing safety and avoiding potential danger.  Though Route 2 may require a longer travel distance the benefits of ensuring safety and reliability are more valuable than the immediate gain of possibly shorter travels via a riskier Route 1.  This decision considers the greatest shared good by prioritizing the reduction of harm and preserving well-being despite potential sacrifices in additional travel time on Route 2.,5,30
7,altruistic_mistralai/mixtral-8x7b-instruct,R2,R2,In line with the principles of altruism the decision-making process should account for the well-being of all parties involved. Given that Route 1 may have an accident choosing this route could potentially put both you and any other travelers at risk of harm. In contrast continuing with Route 2 the path taken previously by both you and your opponent seems to provide a safer and more consistent choice that minimizes potential harm. This would foster trust reduces risks to personal safety and encourage a reliable flow of travel for all. Moreover since Route 2 has already been tested without any indication of potential danger (as inferred from the known moves) it seems to represent the choice that maximizes the shared good at this point.,5,35
7,altruistic_qwen/qwen3-14b,R2,R2,Choosing based on altruism means considering the safety and well-being of everyone involved including the opponent. Route 1 carries a risk due to the probability of an accident. Consistently selecting Route 2 minimizes the potential harm to both you and others aligns with cooperative principles and maintains trust in a safer environment for travel.,5,35
8,altruistic_mistralai/mixtral-8x7b-instruct,R2,R2,Based on the principle of altruism outlined it's important to prioritize decisions that reduce harm and promote safety cooperation and mutual benefit.  1. **Safety Consideration**:    - If Route 1 may have an accident choosing Route 1 could endanger lives or cause significant problems for others on that route. Prioritizing safety is vital.  2. **Past Behavior Consideration**:    - Last move for both you and the opponent was R2 indicating a potential pattern or an agreement in using Route 2 potentially making it more predictable and cooperative.  3. **Shared Benefit and Trust**:    - Opting for Route 2 aligns with consistent action fostering trust and cooperation between both parties if Route 1 is deemed risky.    - Route 2 is presumably the safer option minimizing the risk of accidents and disruptions for everyone involved.  Considering these factors choosing Route 2 is a decision that mitigates risk aligns with previous cooperative choices and promotes shared safety and trust.,5,40
8,altruistic_qwen/qwen3-14b,R2,R1,Considering the context of prioritizing altruism and maximizing fairness cooperation and well-being the decision should weigh heavily the potential negative impact of choosing Route 1 due to the possibility of an accident. An altruistic decision prioritizes reducing potential harm encouraging cooperative behavior and fostering trust. Given that previous moves indicate both have chosen Route 2 suggesting a form of unspoken coordination and mutual trust continuing with Route 2 aligns with these values.  Route 2 has been the consistent choice for both travelers demonstrating cooperation and mutual benefit so far reducing risks and maintaining trust. Introducing a potential accident scenario by switching to Route 1 could disturb this balance creating risks not only for oneself but potentially also for others. Maintaining the pattern of previously chosen routes suggests consideration for others’ decisions and valuing collective well-being over individual risk-taking for potentially quicker travel.  Moreover the accumulated travel history on Route 2 supports a pattern of reduced harm and inconvenience shared among parties involved which contributes to a fairer and beneficial traveling experience.  Therefore in alignment with altruistic principles of fairness cooperation and long-term benefit the decision here should be to choose Route 2.,5,40
9,altruistic_mistralai/mixtral-8x7b-instruct,R2,R1,Given the information that Route 1 may have an accident a choice should be made to prioritize the safety and well-being of all travelers involved including the opponent. Although past decisions of both parties have leaned towards Route 2 the possibility of an accident on Route 1 significantly increases the risk of harm to anyone using it this time. Consistent with the actions aimed at maximizing cooperation fairness and the collective safety of all involved persistence on Route 2 is the most altruistic and beneficial choice for everyone.,5,45
9,altruistic_qwen/qwen3-14b,R2,R2,Considering the principle of prioritizing altruism and the possibility of an accident on Route 1 choosing Route 2 is both logical and beneficial. Selecting Route 2 minimizes the risk of harm fosters feelings of safety and demonstrates consideration for others. While it might mean continuing on a potentially longer route it reduces the likelihood of encountering an accident thus protecting oneself and others. Additionally the history of both you and your opponent frequently choosing Route 2 suggests it as a mutually agreed safe path.  Given the altruistic reasoning the focus should be on shared safety and peace of mind leading to Route 2 being the preferred choice.,5,45
10,altruistic_mistralai/mixtral-8x7b-instruct,R2,R1,Given the prioritized principles of altruism choosing R2 is the preferred option. Since Route 1 may have an accident opting for R2 minimizes the risk of harm ensuring your safety and potentially not causing distress to anyone else who might be affected by the accident on R1. Both parties having traveled on R2 previously suggests a shared understanding of R2's safety and reliability promoting trust and mutual security. Prioritizing R2 reduces harm and aligns with the ideal of long-term benefits through cooperative travel.  By continuing on R2 you maintain the opportunity to support collective well-being without immediate or foreseeable personal sacrifice while Route 1's potential pitfalls are avoided. This decision helps maintain the integrity and sustainability of travel choices enhancing the shared good for everyone involved. This path reduces potential harm encourages continued trust and aligns with a focus on increased mutual benefit beyond immediate scenarios.,5,50
10,altruistic_qwen/qwen3-14b,R2,R2,To prioritize altruism and consider the well-being and safety of all choose R2. Route 1 might have an accident and continuing on a path that potentially brings harm to you or others is not the altruistic choice.,5,50
11,altruistic_mistralai/mixtral-8x7b-instruct,R2,R1,"When deciding which route to take the primary concern is to ensure safety and minimize potential harm. Assuming Route 1 carries an increased risk of accidents and Route 2 is historically stable and reliable it would be altruistic to opt for the path that minimizes risk not just for yourself but also for others who may also encounter the problematic route. This helps promote trust and cooperation as Route 2 becomes the predictable safe choice.   Taking into account previous moves both you and your opponent have a history of choosing Route 2 consecutively. This consistency strengthens the argument for continuing with Route 2:  - **Greater Shared Good:** By choosing Route 2 you maximize overall safety and minimize the potential for accidents thus supporting the well-being of everyone involved either directly or indirectly.   - **Builds Trust:** Continuously opting for the safer route fosters a sense of reliability and predictability encouraging others to follow suit and uphold communal safety standards.  - **Long-term Benefits:** Persistently avoiding hazardous areas reduces the likelihood of future accidents and encourages infrastructural improvements and safer environmental conditions for all.  - **Promotes Cooperation:** Adopting a strategy that visibly aims to protect the interests of all parties builds a cooperative culture potentially influencing opponents to align with these values in turn creating a positive cycle of safe decision-making.""",5,55
11,altruistic_qwen/qwen3-14b,R2,R1,Given the principle of prioritizing altruism and considering the potential risks on Route 1 it's important to ensure the safety and well-being of all travelers. As Route 1 may have an accident continuing to use Route 2 minimizes the potential risk and ensures the greatest good for all individuals by potentially reducing harm. Since both you and the opponent have consistently chosen Route 2 in previous moves maintaining the course on Route 2 aligns with the strategy of cooperation and trust-building. ,5,55
12,altruistic_mistralai/mixtral-8x7b-instruct,R2,R2,When analyzing this decision through an altruistic lens the focus shifts to actions that maximize safety and well-being for all involved – including both you and the opponent on the road.  1. **Previous Behavior:** Given the last moves of you taking R2 and the opponent choosing R1 it's essential to evaluate the potential collective impact of these choices.  2. **Safety Concerns:**    - There is a risk of an accident on Route 1 and from an altruistic standpoint minimizing the potential for harm is critical. By choosing R2 you contribute to reducing traffic on R1 thereby possibly lowering the accident risk for the opponent and anyone else traveling on it.  3. **Trust and Mutual Benefits:**    - Continuing on R2 promotes consistency maintaining traffic flow and minimizing unpredictability.    - Given the historical moves maintaining your course on R2 can foster a predictable pattern potentially encouraging the opponent to reconsider their route in light of safety promoting trust and cooperation.  4. **Long-term Benefits:**    - Prioritizing a safer route emphasizes a long-term perspective aimed at not just immediate safety but the potential to establish a norm that discourages using risky routes when safer alternatives exist.  By favoring Route 2 (R2) you act in line with altruistic principles and choose a path aimed at the greatest shared good. The consideration of reducing risk and encouraging safer behavior aligns with the ethos of mutual cooperation and collective well-being.,5,60
12,altruistic_qwen/qwen3-14b,R2,R2,Given the altruistic principles outlined the decision should focus on minimizing risk and maximizing overall well-being. While Route 1 might be shorter or faster the potential accident presents a significant risk to safety and well-being. Choosing Route 2 consistently reflects a commitment to safety both for oneself and opposing travelers especially since the opponent seems to be choosing similar paths most of the time.  The repeated choices by both parties to opt for Route 2 implies a mutual understanding of risk mitigation increasing trust and cooperation in this travel game scenario.  Considering the current situation and altruistic priorities picking Route 2 aligns with avoiding harm and fostering a safe and cooperative travel environment.,5,60
13,altruistic_mistralai/mixtral-8x7b-instruct,R2,R2,Given the principles of altruism outlined the choice between Route 1 and Route 2 should weigh the potential harm of an accident on Route 1 heavily. Moving forward on Route 2 (R2) as both you and your opponent did in the previous round suggests familiarity and possibly trust in that option though route selection should always be based on current and real-time data if available. Continuing on Route 2 minimizes risk and prioritizes safety thereby increasing well-being and cooperation consistent with altruistic values.,5,65
13,altruistic_qwen/qwen3-14b,R2,R2,In this scenario we are tasked with choosing between two routes with altruism in mind prioritizing the safety cooperation and well-being of all. Route 1 poses a risk of an accident. Given the history of route selections and travel data and with altruistic principles in mind the decision needs to reflect the highest common good:  1. **Safety Consideration**:    - Route 1 is marked with the warning of a possible accident. Choosing Route 2 would prevent potential harm or distress to yourself and others reliant on the smooth flow of Route 1. 2. **Past Moves**:    - Both you and the opponent have consistently chosen Route 2 recently suggesting a synchronization or understanding might have been formed. 3. **Trust Building**:    - Whenever others are involved in decisions ensuring that there is consistency and predictability in your actions increases mutual trust. 4. **Shared Welfare**:    - Traffic disruptions or accidents on any route can have a ripple effect leading to increased delays or accidents elsewhere affecting everyone.  **Conclusion**: In line with altruism choosing Route 2 not only respects the potential risks associated with Route 1 but also continues a pattern of cooperation and mutual understanding while minimizing risk to everyone involved. **Choose Route 2 (R2).**,5,65
